<?xml version="1.0" encoding="UTF-8" standalone="yes"?>
<addon id="repository.inayamulaavi" name="inayamulaavi Repository" version="1.7" provider-name="inayamulaavi">
    <extension point="xbmc.addon.repository" name="inayamulaavi Repository">
        <dir>
            <info compressed="false">https://raw.githubusercontent.com/inayamulaavi/repository.inayamulaavi/main/repo/zips/addons.xml</info>
            <checksum>https://raw.githubusercontent.com/inayamulaavi/repository.inayamulaavi/main/repo/zips/addons.xml.md5</checksum>
            <datadir zip="true">https://raw.githubusercontent.com/inayamulaavi/repository.inayamulaavi/main/repo/zips/</datadir>
        </dir>
        <dir minversion="19.9.1" maxversion="20.9.0">
            <info compressed="false">https://raw.githubusercontent.com/inayamulaavi/repository.inayamulaavi/main/nexusrepo/zips/addons.xml</info>
            <checksum>https://raw.githubusercontent.com/inayamulaavi/repository.inayamulaavi/main/nexusrepo/zips/addons.xml.md5</checksum>
            <datadir zip="true">https://raw.githubusercontent.com/inayamulaavi/repository.inayamulaavi/main/nexusrepo/zips/</datadir>
        </dir>
        <dir minversion="20.9.1">
            <info compressed="false">https://raw.githubusercontent.com/inayamulaavi/repository.inayamulaavi/main/omega/zips/addons.xml</info>
            <checksum>https://raw.githubusercontent.com/inayamulaavi/repository.inayamulaavi/main/omega/zips/addons.xml.md5</checksum>
            <datadir zip="true">https://raw.githubusercontent.com/inayamulaavi/repository.inayamulaavi/main/omega/zips/</datadir>
        </dir>
    </extension>
    <extension point="xbmc.addon.metadata">
        <summary>inayamulaavi Repository</summary>
        <description>A repository for alpha releases of inayamulaavi's skins.</description>
        <disclaimer></disclaimer>
        <platform>all</platform>
        <assets>
            <icon>icon.png</icon>
        </assets>
    </extension>
</addon>